Idea,Category,Monthly Search Volume,Competition,Monetization,Target Customer,Time to MVP,Monthly Revenue Potential
Churn prediction dashboard for SaaS acquirers,Analytics,2400,Medium,$49-199/mo subscription,SaaS buyers and PE analysts,4 weeks,$5K-20K
AI-powered privacy policy generator,Legal/Compliance,5400,Low,$29-99/mo subscription,Small business owners,2 weeks,$3K-15K
Automated cold email personalization for B2B,Sales/Marketing,8100,High,$49-299/mo subscription,Sales teams and agencies,4 weeks,$5K-30K
Invoice factoring marketplace for freelancers,Fintech,3600,Medium,2-5% transaction fee,Freelancers with slow-paying clients,6 weeks,$10K-50K
API monitoring and alerting for developers,DevTools,6600,High,$19-149/mo subscription,Engineering teams,4 weeks,$5K-25K
White-label community platform for creators,Creator Economy,4400,Medium,$99-499/mo subscription,YouTubers and course creators,6 weeks,$10K-40K
Automated SOC 2 compliance evidence collection,Security/Compliance,2900,Low,$199-999/mo subscription,SaaS startups seeking enterprise deals,8 weeks,$15K-60K
AI resume tailoring for job seekers,Career,12100,High,$9-29 one-time or subscription,Job seekers and career coaches,2 weeks,$3K-20K
Construction daily report voice-to-PDF app,Construction,1800,Low,$49-149/mo subscription,Subcontractors and GCs,4 weeks,$5K-15K
SaaS spend optimization and license management,IT/Procurement,3200,Medium,$99-499/mo subscription,CFOs and IT managers,6 weeks,$10K-40K
AI meeting notes with action item extraction,Productivity,14800,High,$19-99/mo subscription,Remote teams and executives,3 weeks,$10K-50K
Automated competitor pricing monitoring,E-commerce,5400,Medium,$79-299/mo subscription,E-commerce managers,4 weeks,$5K-25K
NDA and contract e-signing for freelancers,Legal,2900,Medium,$19-79/mo subscription,Freelancers and consultants,3 weeks,$3K-15K
Newsletter sponsorship marketplace,Advertising,2400,Low,15-25% commission,Newsletter operators and brands,6 weeks,$10K-50K
AI content detector and humanizer,Content/AI,9900,High,$9-49/mo subscription,Content marketers and students,2 weeks,$5K-30K
Employee onboarding automation for remote teams,HR,4400,Medium,$99-499/mo subscription,HR managers and startups,6 weeks,$10K-40K
Restaurant inventory and waste tracking,Hospitality,1600,Low,$49-149/mo subscription,Restaurant owners and managers,4 weeks,$5K-15K
AI bug report triage for engineering teams,DevTools,2400,Medium,$49-299/mo subscription,Engineering managers,4 weeks,$5K-20K
Automated tax deduction tracking for freelancers,Fintech,5400,Medium,$9-29/mo subscription,Freelancers and gig workers,3 weeks,$5K-25K
Property management maintenance request portal,Real Estate,2900,Low,$79-299/mo subscription,Property managers and landlords,6 weeks,$5K-20K
AI grant writing assistant for nonprofits,Nonprofit,1600,Low,$49-199/mo subscription,Nonprofit fundraising teams,3 weeks,$3K-15K
Automated video highlight clipping for podcasts,Content/AI,3600,Medium,$29-149/mo subscription,Podcasters and content creators,4 weeks,$5K-25K
Customer onboarding checklist and automation,Customer Success,2400,Medium,$49-199/mo subscription,SaaS customer success teams,4 weeks,$5K-20K
AI lease abstraction for commercial real estate,Real Estate,1300,Low,$99-499/mo subscription,CRE brokers and asset managers,8 weeks,$10K-40K
Automated accessibility compliance checker,DevTools/Accessibility,2900,Low,$49-199/mo subscription,Web developers and agencies,4 weeks,$5K-20K
Source: Search volume estimates from keyword research tools and Google Trends. Monetization estimates based on comparable SaaS products. CC BY 4.0. Cite as: Invisible Exit (invisibleexit.com), "Micro-SaaS Ideas Database 2026".
